CustomerID,recency,frequency,monetary
13066,24,2,470.79999999999995
14700,32,3,2195.0999999999995
16581,182,1,105.84
16655,17,6,3789.52
14290,11,5,2314.6499999999996
17649,138,1,868.49
14854,78,7,2740.03
15957,31,1,428.89000000000004
17096,15,4,1022.1299999999999
15523,84,1,412.01
16019,46,9,3786.24
14804,8,1,353.27
13418,11,18,6127.43
16081,56,5,2799.42
13995,15,5,1393.69
15561,11,4,800.5899999999999
13610,12,7,1082.33
17629,5,8,1814.12
14709,15,13,4921.040000000001
15223,225,2,755.75
17589,60,4,2404.17
14381,52,1,202.68
17857,4,23,26879.04
16767,30,11,5575.5599999999995
18232,81,4,592.97
13573,50,2,290.25
16923,12,19,7069.08
14428,7,5,1224.0600000000002
14603,274,1,660
14305,71,3,1858.9600000000003
17231,12,10,3124.72
12997,22,4,1226.89
16015,3,3,704.55
13962,21,2,169.55
13126,4,8,2099.64
17809,16,12,5411.91
14498,42,5,1957.3200000000002
16670,16,11,4095.9
16858,368,1,375.69000000000005
15664,50,1,386.43
17913,58,2,408.65
15606,61,9,2920.16
14597,11,2,866.2400000000001
15829,99,2,636.1399999999998
12987,73,2,558.7
13176,46,1,481.49000000000007
18112,12,2,352.69000000000005
15901,16,3,351.73
13008,323,1,229.47000000000003
13171,21,3,468.40999999999997
13803,255,1,277.07000000000005
16556,66,7,3313.79
14528,37,1,364.21999999999997
17440,156,3,186.42
13976,206,1,357.98
13980,60,1,200.14000000000001
15184,29,2,402.2
12830,37,6,6814.640000000001
15083,256,1,88.19999999999999
14595,19,6,1740.6000000000001
16810,192,1,309.53999999999996
17694,141,1,283.12
18219,2,10,2069.77
14882,26,2,589.7
13680,1,4,3719.12
13681,17,4,827.83
15703,264,1,211.5
18016,32,5,1477.66
15776,133,1,241.61999999999998
14437,365,1,63
13868,7,2,3192.54
18055,7,10,6761.34
16725,302,7,758.27
15895,149,1,179.17000000000002
13917,49,2,272.03999999999996
13949,2,6,2427.3199999999997
15747,12,3,946.6399999999999
13358,268,1,439.03000000000003
13419,63,1,221.06
17730,3,13,5298.48
16859,144,2,747.8100000000001
17969,166,2,228.20000000000002
17644,1,11,2895.64
17504,206,9,2997.03
17472,191,3,697.5400000000001
14753,87,1,563.1499999999999
16048,373,2,256.44000000000005
16478,25,3,331
16203,58,4,592.9
16762,19,3,1207.24
17690,30,15,4726.8
16431,213,3,623.2799999999999
17217,234,1,113.49999999999999
17058,81,3,1179.8899999999999
16016,3,8,1465.51
17062,313,4,533.3299999999999
13120,238,1,30.599999999999998
14691,30,5,2114.33
13139,16,7,5064.9400000000005
14264,154,2,333.97
14382,26,1,615.4899999999999
13131,23,3,1073.2999999999997
14483,281,1,137.1
17585,109,4,1116.68
13992,30,1,76.8
15471,2,1,454.48
16479,10,2,300.83
12908,176,2,750
14995,38,2,231.98000000000002
15727,16,7,5159.0599999999995
14452,10,2,259.05
17777,24,3,647.56
13248,124,2,465.67999999999995
14609,72,4,601.5600000000001
13177,64,1,282.45
17573,29,3,380.59999999999997
16160,65,2,1025.44
13999,10,12,3901.81
14360,31,4,2118.03
18273,2,3,204
13372,89,1,378.63999999999993
17015,28,3,1838.6100000000001
16932,53,1,150.23
15241,66,8,1756.44
14088,10,13,50491.81
13385,329,1,534.5699999999999
17991,225,2,93.35
15321,70,3,2748.3100000000004
13122,94,2,922.39
17846,85,1,2033.1
17746,240,1,110.25000000000001
17191,28,7,2093.68
17368,23,8,1878.8700000000001
16834,227,1,413.46000000000004
15870,32,1,351.44000000000005
17928,45,2,212.54000000000002
14984,19,2,202.37
13049,64,2,656.6800000000002
14096,4,17,65164.79
13926,23,1,223.85000000000002
16260,50,1,1035.45
15452,29,3,528.48
13343,177,1,353.43
15334,156,3,350.82
14806,75,1,193.39
15809,36,5,515.77
16808,99,2,288.42
14961,10,9,7044.68
14446,0,4,1010.35
16073,297,1,122.39999999999999
14027,60,1,104.82000000000002
16208,44,2,664.26
17071,28,9,2429.03
17999,37,2,380.39000000000004
15423,38,1,43.5
17686,7,7,5739.460000000001
17877,170,1,237.61
15526,33,2,148.44
16474,7,7,1810.65
17923,282,1,207.50000000000003
17506,75,1,302.20000000000005
12895,42,2,372.8
13101,234,1,101.19
13897,50,1,311.15999999999997
16561,5,2,511.12
18239,218,5,1561.6100000000001
13029,30,3,1247.5
13644,16,4,2624.26
15839,33,3,1048.49
15530,21,4,1497.3100000000002
15065,37,4,3158.13
15394,9,4,2183.5400000000004
16528,3,1,244.41000000000003
15287,22,2,486.69
13284,330,1,201.19
12974,197,1,144.8
15035,89,1,252.73000000000002
16354,63,2,395.8
16875,67,5,2095.53
15602,8,9,1297.8700000000001
13754,151,2,282.6
16076,3,10,2234.73
13590,11,6,1981.9199999999994
15611,9,13,1591.4500000000003
17100,18,2,971.74
18249,17,1,95.34
16535,5,1,593.75
14623,32,5,886.7
13638,15,1,122.64
16422,17,51,34684.4
16006,211,1,101.4
15384,169,2,642.41
13527,33,7,2242.36
13643,31,3,519.44
14883,18,6,761.5899999999999
17865,30,20,10526.32
15226,310,1,154.41
15432,23,1,171.19
15098,182,3,39916.5
16499,360,2,365.45000000000005
14669,241,3,1259.2400000000002
17134,106,2,413.2
17388,77,4,1259.5600000000002
17180,56,4,783.9700000000003
15689,119,2,254.1
16982,60,1,384.06
17154,75,1,329.34
14052,19,1,225.36
14089,56,1,158.75
13953,7,7,3515.6799999999994
17427,71,1,100.8
15574,177,4,675.64
15694,0,14,6479.4
16836,39,2,251.87
15123,7,2,2199.3100000000004
14878,12,9,1476.0900000000001
14332,22,3,840.21
15755,10,6,2364.25
17186,46,2,144
18158,9,2,453.4
16394,56,5,1555.3400000000001
12836,59,4,2610.3599999999997
15467,9,3,524.88
13710,31,1,180.48
16839,8,34,16594.35
18061,21,10,2119.41
17522,1,5,1070.71
13802,138,3,4599.42
15510,330,1,250
15277,46,1,255.89999999999998
16708,45,1,656.6300000000001
12868,185,6,1607.0600000000002
16117,189,1,232.21
16135,262,1,517.5500000000001
13533,182,3,269.09000000000003
13233,74,2,605.1199999999999
18024,152,2,389.78
17406,333,3,2184.42
16781,372,1,311.25
14853,24,2,475.79999999999995
14159,19,11,4630.35
16179,60,1,215.83
13362,9,4,3090.7400000000002
14242,234,2,280.55
15279,354,1,290.51
15858,15,5,1427.5700000000002
14591,15,4,1320.21
14649,4,4,1402.59
14304,222,1,383.45000000000005
16469,23,4,625.4200000000001
16484,173,2,404.30000000000007
17035,245,2,433.53
15857,18,1,296.99999999999994
16511,21,3,918.33
15831,58,3,794.64
16746,4,18,6680.110000000001
13363,17,2,992.5
13486,78,3,1122.4099999999999
17061,73,11,5232.23
17157,7,2,319
17932,29,3,1331.57
13497,282,2,348.04999999999995
12935,2,7,2160.7
15318,3,1,312.62
16222,318,1,773.5500000000001
15753,304,1,79.2
17385,14,1,256.11
16072,288,1,584.32
13322,17,1,199.48
17951,39,3,1008.5400000000003
16400,94,1,303.93
15143,225,1,259.45
15076,172,1,880.8499999999999
13496,10,2,653.3299999999999
15981,24,8,3408.48
12855,372,1,38.1
14552,151,1,164.22
13982,39,4,1871.81
16967,189,1,319.02
14778,127,2,730.8599999999999
18252,50,2,518.27
17142,239,1,578.9999999999999
13985,4,15,7060.13
13626,252,1,257.22999999999996
15976,165,2,427.64000000000004
14621,1,5,1788.3600000000004
15316,326,1,165
16722,17,13,4730.8099999999995
18229,11,20,7276.9
15135,239,1,139.04999999999998
15748,40,1,144.35999999999999
14111,14,4,692.85
18080,18,2,1231.5
15819,49,4,1905.4500000000003
14375,185,1,235.56
17236,12,6,916.1300000000001
17084,35,2,2747.99
16325,46,3,594.24
15804,0,13,4206.389999999999
16726,26,5,1358.7400000000002
17125,50,1,230.5
15737,14,8,1188.12
14953,25,1,285.67
13357,257,1,609.4000000000001
15089,10,6,2420.84
13618,173,1,177.34
15676,18,3,3435.7599999999998
17226,308,1,393.48999999999995
16255,16,8,2619.91
17595,12,2,386.69000000000005
14875,107,2,1465.3199999999997
15117,14,5,1551.7800000000002
18200,106,1,150.35
13850,129,1,1595.4800000000002
12939,64,8,11581.800000000001
16926,371,1,230.25000000000003
16717,23,6,3843.0800000000004
15021,8,9,1871.77
16343,16,2,328.58000000000004
16812,360,1,479.3500000000001
17123,161,1,345.29999999999995
15175,71,1,224.14000000000004
13091,28,1,345.82000000000005
17805,73,1,512.31
13328,316,1,1308.48
13516,21,3,1389.4100000000003
13420,149,2,159.85
14793,21,1,228.99
13566,40,2,856.8400000000001
18059,23,3,306.46
17870,2,12,1865.8899999999999
18088,61,1,166.02999999999997
17160,31,6,3518.0299999999997
16122,73,4,684.42
17320,100,3,1200.6200000000001
18093,93,4,2106.52
17744,3,6,2322.4
14817,200,2,1110.3400000000001
14459,155,1,1837.92
15300,64,1,496.43999999999994
17470,44,5,1125.0700000000002
14314,106,1,120
17709,169,1,137.45
17995,281,1,76.1
17278,241,1,246.04000000000002
18218,211,2,641.9200000000001
15144,8,17,6580.4400000000005
15415,313,1,559.6099999999998
17094,322,1,301.99999999999994
14665,60,5,1835.6999999999998
17213,40,7,2781.2300000000005
14600,305,1,393.33
13565,19,2,240.22
16517,277,1,162.70000000000005
12982,242,1,390.53999999999996
13941,21,5,5112.96
15122,114,3,1633.7799999999997
14410,92,9,1100.2700000000002
14952,59,11,8099.489999999999
13185,267,1,71.4
14409,71,6,2059.4500000000003
16173,15,6,1418.32
13670,75,1,349.7
17379,11,1,389.72
13833,159,1,383.8499999999999
17147,22,4,1714.59
16851,4,3,342.45000000000005
14199,218,1,185.39999999999998
13876,63,1,122.69999999999999
13115,11,4,2294.7799999999997
16884,37,2,429.84000000000003
15579,68,2,327.59999999999997
17088,28,4,1991.0100000000002
15110,23,4,996.1
14150,35,2,658.64
16774,67,4,661.52
16125,367,1,289.35
15996,88,6,1032.58
14923,50,1,749.1
13778,103,1,178.7
13355,122,1,674.7
15970,303,1,314.1
16688,1,4,1260.86
17678,263,1,298.11
15115,18,1,340.11
17550,197,3,267.1600000000001
16423,24,1,346.12
17463,16,5,1875.86
15678,52,1,352.70000000000005
15298,2,12,4799.9
17574,242,1,185.64999999999998
14292,7,9,4871.929999999999
18203,157,1,160.42000000000002
14920,212,2,977.77
14161,215,3,1097.62
16917,276,1,391.52000000000004
14258,9,9,12669.98
17227,18,6,939.3199999999999
14975,57,1,279.94
12843,65,8,1702.2600000000002
17229,96,2,318.76000000000005
14512,187,2,275.28
13430,18,2,679.4499999999999
17720,26,4,1195.94
16626,0,17,4413.1
14076,129,1,118.67
16233,71,3,536.68
15092,215,2,457.80999999999995
13487,57,3,575.4000000000001
14903,21,5,2795.33
15503,362,1,141.04
14619,245,1,394.43999999999994
15557,28,1,468.90999999999997
13805,52,2,924.5999999999999
12884,88,1,309.05000000000007
15213,318,2,328.35
17025,60,3,357.77
17767,15,1,271.20000000000005
16554,42,3,837.0999999999999
13390,74,1,544.08
16602,36,1,528.0799999999999
17048,117,3,925.35
13189,18,2,260.67999999999995
15449,26,3,974.5200000000001
15882,198,4,516.36
13149,14,4,1676.0600000000002
16272,116,1,411.7
15758,24,1,205.25
17960,171,1,73.78
14681,71,3,498.95
13719,15,5,1041.68
17492,248,1,374.57
16573,84,2,663.61
13601,45,2,693.32
17901,29,1,110.38
17588,100,3,1240.2
16460,28,3,811.23
14974,37,1,89.94
15017,33,1,125.58000000000001
16200,4,2,1068.87
14712,29,3,917.07
16835,128,2,180.85000000000002
13984,26,5,920.51
16317,119,3,1341.65
14306,51,2,2093.3199999999997
13512,260,1,251.20999999999998
16392,269,1,217.89
12833,145,1,417.38
14013,110,3,473.02
12919,8,6,1335.19
13379,26,3,572.56
16950,56,3,1178.56
17899,159,1,154.55
17014,8,3,583.4300000000001
13004,11,18,5655.91
17193,35,7,1699.3000000000002
14889,336,1,135.9
14549,311,1,289.24
14907,3,7,3501.1000000000004
16647,169,2,214.06
16143,3,6,2424.94
15147,240,1,623.5
17311,78,2,1384.85
12981,29,2,372.2199999999999
14205,16,2,466.70000000000005
14456,5,9,3017.28
14001,45,3,2043.0800000000002
15572,4,7,2533.42
16641,105,1,231.10000000000002
15680,9,3,1333.6799999999998
15348,72,1,158.04
18217,29,2,621.7500000000001
12749,3,5,4090.88
14636,36,2,609.8500000000001
17763,263,1,15
13571,12,12,2088.94
17386,7,6,2686.4200000000005
13052,212,1,348.15000000000003
17044,25,1,948.48
16505,31,1,777.6
16362,32,5,709.99
15549,77,3,1681.46
12842,70,2,1118.99
13931,95,2,1237.53
16052,54,1,362.05999999999995
14049,16,4,5578.72
16429,106,1,284.55
18245,7,7,2567.0600000000004
16954,0,9,2085.08
18136,63,3,784.3299999999998
16609,15,7,5493.46
17297,17,1,128.18
16728,46,4,1048.28
17480,77,1,511.82
17438,253,1,388.45000000000005
13750,53,5,1647.26
15307,95,1,205.3
14015,52,1,917.34
14093,12,1,433.85999999999996
17159,21,3,1538.88
13963,308,4,664.5400000000001
13404,1,2,252.49
14261,50,2,1163.45
14524,31,9,1843.83
13425,108,3,1624.2100000000003
15799,75,3,884.14
13402,127,2,621.2300000000002
14921,30,2,1316.0700000000002
15254,127,1,300.36000000000007
14957,253,1,58.49
16315,330,1,226.37
14215,11,6,1789.72
15568,2,3,758.29
13291,155,1,361.11
12947,143,6,1603.99
17684,43,1,239.41
13244,92,1,121.74
16303,25,3,5360.630000000001
17344,46,1,157.61999999999998
14946,14,1,100.9
16984,88,2,4459.52
16992,10,5,1614.3099999999997
13948,360,1,101.99999999999999
13583,155,1,781.03
14333,67,1,415.2
14233,49,4,1462.7200000000003
16398,154,2,1705.8
17523,11,4,652.74
14847,148,1,309.4
18223,4,14,6484.54
13228,81,1,358
14177,86,4,549.46
13032,52,2,1010.1800000000002
14009,198,2,695.6099999999999
14667,10,25,9175.04
15607,336,1,104.76
16586,248,1,463.95
13544,39,2,276.06
16348,32,7,1415.65
16424,191,1,133.56
13134,85,4,1793.5800000000002
13078,3,26,12627.939999999999
16012,35,3,1415.29
13887,204,1,349.54999999999995
12967,358,2,1660.9
16555,35,2,285.89
16686,47,7,2959.88
15079,212,4,895.61
15844,46,1,130.73999999999998
17654,277,1,117.55000000000001
13461,38,3,1445.0000000000002
15301,50,12,5049.949999999999
14886,252,1,364.79999999999995
14690,44,2,355.05000000000007
15349,158,2,463.9099999999999
14047,8,5,1308.6100000000001
16224,57,4,1295.3
15707,35,4,916.9799999999998
16794,1,10,1196.5
17759,17,3,819.96
13350,16,2,979.12
15768,115,3,621.83
16183,67,1,338.7100000000001
13645,120,1,252.1
14856,36,3,1290.53
13873,119,3,389.59999999999997
17070,114,1,304.23999999999995
15677,49,1,657.23
17955,198,4,557.3
15894,253,2,258.25
17040,137,1,449.72999999999996
14682,187,2,52
15368,21,1,446.94000000000005
13384,30,7,4151.93
14688,7,21,5579.1
17705,3,9,1823.52
14262,8,8,2618.2299999999996
14583,5,5,986.9599999999999
16418,44,3,631.1200000000001
13869,123,4,3083.65
16771,33,5,2242.6099999999997
12999,196,3,455.88
14722,147,1,180.42
14222,177,1,683.1700000000001
13376,99,3,1019.76
17693,137,1,200.46999999999997
15640,4,15,12416.109999999999
17534,53,1,223.36
13483,65,1,140.34
17513,72,1,513.2
16110,45,3,1320.9500000000003
17997,74,8,1962.46
13780,7,2,360.01000000000005
16225,44,5,1096.3200000000002
17458,15,1,316.49999999999994
16430,57,1,300.85
16800,11,1,1162.65
14451,60,2,643.9000000000001
14413,362,1,121.05000000000001
16676,33,4,1592.12
15544,9,9,3546.7100000000005
17179,178,3,711.79
16210,1,18,21086.300000000003
14291,1,11,3883.25
16689,75,2,422.59999999999997
13918,49,2,1212.8400000000004
18019,51,1,38.45
13279,78,1,137.75
14860,19,1,170.32
13466,184,1,307.90000000000003
14755,9,11,5010.280000000001
16013,3,47,37130.600000000006
16457,218,1,208.35999999999999
17214,60,6,1059.12
17567,7,8,4331.48
17314,24,8,2527.92
18073,114,12,3859.82
18017,81,3,523
14725,24,1,655.5800000000002
17031,11,2,380.35
15197,10,3,1079.6100000000001
14716,43,2,307.50999999999993
17668,1,2,347.75
14348,260,1,409.57
15442,248,1,594
16600,4,6,813.5199999999999
13663,179,1,189.46999999999997
17466,10,2,763.28
14349,10,1,133.5
14201,60,7,747.4400000000002
14799,51,1,157.70000000000002
14888,207,1,369.2
16983,12,7,1905.8700000000001
16592,4,16,4113.68
15204,357,1,316.58
17282,130,3,1685.46
16866,140,3,207.73999999999998
14798,52,3,173.74
18102,0,60,259657.3
16638,22,10,1680.72
18262,140,1,149.48
17697,236,1,338.95000000000005
17414,43,2,778
13225,3,7,6463.84
13366,50,1,56.160000000000004
16620,3,2,178.96
17540,24,2,578.9
17680,23,1,184.39999999999998
14765,29,3,254.11
17987,185,1,198.57
15834,70,4,2225.15
15594,15,5,1771.7800000000002
15216,87,1,96.6
14497,309,1,475.37
13127,77,1,259.16999999999996
12951,8,6,1064.07
18105,37,1,113.48000000000002
16652,58,7,6773.97
16415,44,1,200.26999999999995
15187,1,16,4777.180000000001
13434,74,2,534.24
17887,129,1,111.35
16351,332,1,153.9
14116,19,5,1382.7399999999998
17925,372,1,244.08
15033,4,10,2557.18
17628,81,1,75.75000000000001
16177,50,1,331.95
13572,205,1,1384.2499999999998
17119,3,2,606.91
17994,121,4,674.89
17926,133,2,397.29
16157,15,3,656.6899999999999
16780,100,2,422.24
17010,18,1,195.36
17651,11,10,3945
15192,119,3,1044.3200000000002
13301,103,4,618.09
16945,21,19,4345.5
13208,58,6,1217.6499999999999
15681,25,5,1426.16
15597,35,1,324.57
14572,3,7,2804.54
14849,21,25,7930.54
17970,211,1,562.7900000000001
14547,3,8,3974.7500000000005
14000,211,1,635.6600000000001
16611,186,1,129.49
12945,288,1,462.95000000000005
12980,157,9,7374.9
13895,28,4,2593.0699999999997
16451,87,1,266.97
17376,70,2,203.2
14373,358,1,76.55
16337,36,1,151.05
18202,199,3,1396.9900000000002
13388,131,2,677.1
16830,38,1,325.90999999999997
13695,31,15,2504.13
14087,2,1,191.47
13994,3,6,2274.1400000000003
16326,5,14,3039.2200000000003
14273,51,4,559.97
15027,30,4,1066.15
13709,3,13,6307.6500000000005
17266,2,3,296.58
15002,115,4,1641.7599999999998
14587,18,9,1580.29
15706,63,4,1060.56
17255,40,2,291.47999999999996
14915,91,2,307.48
18126,60,1,200.92000000000002
16709,84,5,3029.8700000000003
15716,145,4,1101.1100000000001
17004,46,2,1312.14
16529,190,1,455.25
13403,17,1,75
14760,297,1,89.2
17460,94,6,622.43
16401,1,12,4098.32
16754,372,1,2002.4
15275,37,1,615.14
16928,80,17,2814.7
16660,16,4,1267.6499999999999
16407,12,10,2079.6800000000003
14959,64,4,695.4199999999998
14950,19,1,371.2
17432,18,2,365.76
17656,73,5,1674.6900000000003
15410,84,8,3450.8400000000006
16824,15,2,460.64
16987,3,7,1616.8000000000002
15049,273,1,121.17000000000002
14023,7,2,584.0699999999999
15046,9,15,5090.42
16625,274,1,333.08
17233,35,1,190.88
14317,64,1,508.58
12839,2,14,5591.42
15655,243,1,560.6700000000001
14031,7,19,17286.86
17350,8,4,1281.3200000000004
16034,196,3,437.69999999999993
17256,107,2,240
15605,36,5,1198.23
13297,7,4,2089.85
17977,29,1,288.14
14005,9,5,2874.72
16433,28,1,184.26
13900,183,3,740.9499999999999
15453,1,7,1371.77
14554,10,4,2279.4900000000002
15610,51,1,112.46
14810,40,11,2085.33
17356,311,1,178.21999999999997
15821,44,2,570.9599999999999
16379,4,4,2157.4000000000005
13157,49,4,1741.2199999999998
17250,3,2,381.97
17831,33,1,35.400000000000006
17643,373,1,101.55
14659,8,9,2529.93
12977,156,1,39.24
15367,57,4,1877.5900000000004
16914,36,1,183.75999999999996
16389,53,4,1382.0699999999997
18278,73,1,173.89999999999998
15266,338,1,119.30000000000001
14562,3,18,5006.77
14494,25,1,139.56
14507,23,6,1367.8799999999997
12883,24,4,703.47
18139,17,6,8438.34
13587,63,1,712.4
16056,45,1,650.75
16005,12,4,578.71
17105,159,2,665.7799999999999
13295,359,1,201.2
17267,127,2,317.2
16494,296,1,826.5299999999999
13751,288,1,296.25
12938,25,1,114.13999999999999
14124,84,1,419.58000000000004
14960,8,2,221.26999999999998
14059,266,1,183.6
13169,63,2,712.88
18191,261,1,207.79999999999998
16643,245,1,487.51
15507,171,1,475.86000000000007
17886,31,3,869.28
15450,30,1,429.84
18205,36,2,517.3599999999999
13654,43,6,2707.33
15860,40,8,965.1599999999999
13835,25,4,834.57
17640,86,1,621.6600000000001
18174,7,1,104
13954,1,2,439.92
15520,1,1,343.5
13018,16,28,7277.700000000001
14482,18,6,2022.81
17029,110,2,716
13323,3,5,787.8499999999999
14083,4,9,1002.9000000000001
13184,14,10,1668.95
17731,79,4,1240.11
15090,308,1,381.32
15567,18,1,186.01000000000002
16936,25,1,261.90000000000003
17551,359,1,290.34
15832,254,1,836.7900000000001
14805,15,4,546.4000000000001
18171,58,5,1231.31
15555,12,16,4794.86
15514,12,11,4023.72
17698,260,1,154.95
17940,49,10,4020.04
14082,364,1,182.24999999999997
14687,106,1,628.3799999999999
15729,212,1,85
17334,302,2,307.02000000000004
15269,23,1,408.8
13040,8,2,676.99
13666,60,3,84.65
16666,19,1,118.97999999999999
15224,358,2,322.0799999999999
14820,21,4,507.28999999999996
17880,364,1,458.91999999999996
12847,22,1,843.6399999999999
14300,18,1,43.2
14362,22,1,151.50000000000003
17611,7,15,3961.12
15257,283,1,317.15
17538,25,1,98.42
17135,16,7,1139.73
14523,108,1,241.09
14762,263,1,300.52
16743,29,7,2213.13
18143,116,2,1000.1600000000001
18281,180,1,80.82
17553,129,1,1487.6
13278,40,1,542.73
14538,64,2,388.24999999999994
17849,218,4,605.8000000000001
14158,40,1,507.65999999999997
14881,19,1,255.4
14221,42,9,3432.8
15225,234,1,409.4000000000001
14050,31,2,746.3599999999999
14383,38,3,1247.69
17817,4,3,387.68
18210,1,6,2621.38
15351,12,7,1934.6600000000003
15852,186,2,160.70999999999998
16563,53,1,1077.74
14167,39,4,562.59
17578,218,1,143.45999999999998
13217,122,3,533.98
14241,183,1,213.70000000000005
14336,16,4,1614.91
16779,2,22,10611.720000000001
18041,11,21,4097.37
18188,15,3,2001.0399999999997
17315,1,38,6281.23
14653,1,7,1926.6499999999999
16881,66,1,432
15920,154,4,167.5
14209,10,6,2073.4300000000003
17354,50,1,1393.06
15335,53,1,170.22
13568,173,1,187.04999999999998
13600,312,1,219.51999999999998
17505,161,2,1145.84
14896,204,2,468.77000000000004
13183,7,9,3957.7800000000007
16256,266,1,752.4300000000002
13826,176,1,189.5
16368,2,2,479.90999999999997
15721,11,1,471.4000000000001
16361,9,4,891.21
14368,319,1,155
12944,35,2,604.5099999999999
13599,1,21,5149.92
13253,156,2,1030.3999999999999
16367,37,2,800.6699999999996
18096,11,3,849.06
17919,88,1,1304.0400000000002
16123,51,1,307.78000000000003
13806,63,1,256.38
18009,235,1,247.39000000000001
17358,303,2,360.80999999999995
15164,68,3,824.58
14354,5,2,163.62
17787,152,4,1817.54
17361,49,3,488.20000000000005
17419,11,12,4226.57
13132,261,1,77.3
13085,157,2,416.08000000000004
14570,280,2,218.06
14165,275,1,120.44
16583,373,1,233.45000000000002
13038,80,3,908.46
14174,33,1,134.46
14401,4,13,4051.4799999999996
16149,4,2,280.52000000000004
15725,15,1,415.25
17228,15,8,1906.09
13711,218,2,252.06000000000003
16550,108,5,2298.97
15208,1,5,870.12
17449,2,7,2519.21
17832,49,1,155.37000000000003
15795,149,1,610.01
14764,46,1,278.3
13153,5,1,486.22
18101,11,2,222.4
13874,358,1,540.45
14522,24,4,974.54
17836,47,1,110.21
15330,32,2,714.9599999999999
14364,108,8,3717.35
16506,19,2,90.30000000000001
13914,11,2,626.45
14865,7,2,52.2
14836,10,3,102.44999999999999
13500,23,3,1166.77
17848,81,9,901.2
18045,45,1,178.33999999999997
15235,217,12,2247.51
16359,7,9,1750.9200000000003
12965,89,1,769.8100000000001
17677,1,30,16345.38
13875,53,5,1786.79
15325,103,1,161.74
17206,53,1,204.24
15866,101,1,211.89
16752,372,1,207.5
16174,126,3,1009.55
17935,138,2,145.79000000000002
16732,31,1,603.7499999999999
15097,4,1,248.07999999999998
16198,75,1,400.681
14371,295,1,100.5
15773,5,1,635.6800000000001
17339,94,2,243.36
16062,9,4,1153.62
16456,99,5,2158.1800000000003
14732,8,8,2702.49
13991,12,6,852.88
14060,4,19,6140.42
15738,18,16,4812.42
16029,38,63,80850.84
14419,10,6,1051.79
13555,73,4,4098.88
13781,250,1,127.84
15855,136,5,712.24
16342,75,4,322.41
13947,65,1,90.6
17272,42,4,2148.6300000000006
15577,151,3,258.88000000000005
13927,74,1,348.99000000000007
16805,173,2,460.5899999999999
17897,172,3,541.8100000000002
13745,162,1,300.03999999999996
15623,141,1,301.03
17892,56,3,244.10000000000002
16372,33,2,355.72999999999996
15714,11,2,330.03
13737,200,1,339.6
12747,2,11,4196.009999999999
17856,1,4,1418.0300000000002
17034,16,3,745.5200000000001
16546,290,2,787.15
13764,70,3,1519.42
14422,0,6,4263.639999999999
17223,310,2,416.89
17220,24,14,3187.5499999999997
16685,61,2,324.24
17947,37,1,176.67999999999998
15212,241,1,101.79999999999998
15024,9,10,1636.4299999999998
17203,35,6,3560.08
13899,16,2,388.52
15933,21,3,1107.4600000000003
15101,8,2,317.53
16843,42,16,10196.570000000002
12952,5,4,1387.79
13468,1,37,5704.969999999999
13354,71,1,743.5300000000001
13627,59,5,1638.47
18263,25,3,1213.1599999999999
15498,2,27,13316.400000000001
15782,9,3,2614.7400000000002
13871,22,13,6403.25
17990,236,3,630.84
14988,211,1,334.53999999999996
14867,185,3,710.28
16526,171,1,290.35999999999996
12928,35,5,2062.7
14206,239,1,328.15999999999997
16419,112,6,958.71
17716,22,11,5655.99
14311,242,1,310.26
14293,3,4,1046.56
17934,51,2,704.25
16386,28,2,302.56999999999994
17660,141,1,178.75000000000003
18209,28,1,139.10000000000002
17591,73,7,2203.67
16131,51,6,3506.540000000001
14505,17,8,5859.43
13268,17,11,3174.75
18221,22,5,1041.6100000000001
14789,28,1,197.64000000000001
16682,4,5,1027.9999999999998
14240,30,2,890.3400000000001
13637,52,3,804.3
17234,182,1,149.89
13769,2,10,2796.51
16040,65,3,1313.5500000000002
16558,0,20,8338.490000000002
17658,25,2,595.42
17101,10,4,1621.73
14893,9,2,1237.8500000000001
13517,59,3,2128.42
13932,294,1,307.4
15652,91,1,337.74
15582,24,3,682.9100000000001
18036,32,3,403.12000000000006
16990,218,1,179
16444,46,4,654.6700000000001
15749,235,3,44534.3
13473,60,2,422.64000000000004
13990,213,1,311.3
17673,1,6,1594.9699999999998
13632,24,5,2118.9300000000003
15320,44,1,267.13000000000005
14661,26,1,107.95
16403,312,1,177.5
14227,26,10,3350.96
14643,170,2,693.81
15221,366,1,403.25
14542,185,1,103.25000000000001
17201,53,1,289.78000000000003
16240,24,2,3718.8
17181,57,2,239.91999999999996
15756,61,4,528.01
16597,4,1,90.04000000000002
14944,29,12,5900.25
15837,64,1,391.98
13718,246,2,306.55
17163,21,2,293.1
15660,25,9,1600.86
13106,133,1,76.5
17030,63,1,146.87000000000003
17921,64,4,820.2299999999999
15571,11,4,650.4300000000001
13762,218,1,306.72
18272,2,6,3078.58
16847,43,1,193.44
15987,12,7,1432.77
13146,26,1,228.91
18042,53,1,165.04999999999998
13615,318,1,417.6900000000001
16063,260,1,335.32000000000005
13930,57,2,337.34
14534,2,18,4397.3
14557,85,1,788.38
15206,10,4,420.3
17189,106,2,383.75000000000006
16218,29,7,3084.68
13034,54,2,642.7700000000001
16668,15,6,306.71999999999997
17859,304,1,141.92000000000002
18062,173,3,720.5200000000001
17858,5,12,5140.66
13807,367,1,112.6
12968,112,1,135.95
14499,26,3,808.44
17166,38,2,206.33999999999997
15258,168,2,623.1600000000001
13118,19,5,1197.81
13050,14,17,5836.860000000001
16140,65,2,725.1800000000001
13782,12,6,908.8599999999999
15612,36,2,195.15
18160,57,2,638.0600000000002
14850,311,1,325.75
13522,30,1,125.80000000000001
12937,15,4,1504.2700000000002
17758,19,8,3408.2000000000003
13475,191,4,1431.7800000000002
18050,359,1,74.4
15165,373,1,487.75
15047,269,1,343.61999999999995
15512,155,2,121
17733,38,2,692.1899999999999
17973,51,1,337.03999999999996
15022,11,4,852.39
17133,15,7,4892.240000000001
14541,58,8,1453.35
16848,52,1,281.42
13673,18,2,387.44000000000005
13884,7,5,787.6000000000001
18240,46,1,422.58000000000004
16776,60,1,371.54
17708,187,2,263.33
18135,29,5,681.9100000000001
13758,11,7,3190.55
13141,84,5,2388.75
17985,22,1,631.3499999999999
15032,256,3,4959.1
15493,32,5,1953.4099999999999
18268,134,1,25.5
17346,3,15,2622.88
15031,4,4,653.19
14606,1,93,12076.15
15750,2,8,2463.05
15263,106,1,156.50999999999996
18081,36,3,343.45
16014,37,3,646.8299999999999
14114,273,2,386.53
17265,138,2,550.0100000000001
16903,29,1,363.2
17396,39,8,7330.8
13058,24,3,271.4
15060,8,4,294.25000000000006
15400,92,5,716.2
15457,262,1,237.07
13969,7,18,9024.17
15521,40,8,3000.2000000000003
14987,15,2,326.4
15921,172,1,323.03
16232,43,4,990.8799999999999
15578,162,1,127.1
16706,37,3,531.3499999999999
12909,39,5,2178.67
14518,64,1,174.37
15744,77,1,34.8
17140,247,1,454.12
15272,57,2,721.94
16955,184,4,518.67
14393,218,1,67.94999999999999
12891,185,3,331
14238,326,1,146.85
14520,1,2,270.6
16949,3,6,1286.2700000000002
16427,263,2,241.06
15172,8,5,1624.05
17520,53,1,546.81
17126,152,5,989.45
17384,19,2,336.4
13602,64,1,428.89
17462,60,2,675.6899999999999
13667,149,1,299.04999999999995
15541,114,1,85.13
14540,9,3,952.66
15932,4,8,2495.8700000000003
16895,64,1,202.26999999999998
14046,284,1,154.99
15189,1,41,16225.390000000003
16595,61,1,360.15999999999997
14121,3,4,2780.15
12886,67,2,1378.3999999999999
14414,91,7,1496.98
18183,227,2,632.0700000000002
16768,47,3,478.0899999999999
15667,39,1,301.32000000000005
14745,112,5,1220.2600000000002
16446,0,2,168472.5
16648,42,1,290.65999999999997
13878,54,1,1271.5699999999997
14819,64,2,272.07
13753,287,1,741.26
14576,372,1,35.400000000000006
16979,3,6,1852
13629,23,11,7792.360000000001
15343,87,1,364.5
16152,268,1,1829.0399999999997
16727,364,1,256.31999999999994
16409,36,5,2022.9800000000002
15669,40,4,684.34
12976,211,1,738.6
17172,78,1,317.76
17018,40,2,920.1
16980,255,2,1028.46
13720,116,4,799.9
13017,7,1,204
14257,64,5,3099.7200000000003
14837,89,4,1649.5000000000002
13062,191,1,346.98
18027,98,1,115.30999999999999
14676,31,6,2548.2400000000002
13218,127,1,62.64
13285,23,4,2709.1200000000003
13596,5,2,664.11
12990,31,3,409.5000000000001
15775,245,1,104.9
17457,126,5,1737.7
16387,322,1,94.36
16519,25,2,215.08
13077,1,4,728.0200000000001
14356,79,2,701.23
18030,4,2,230.64999999999998
17718,232,1,139.35
16332,28,7,1582.8
13002,318,1,120.94999999999999
17633,31,4,1324.8400000000001
16178,138,1,197.9
13242,112,3,270.40000000000003
17262,52,5,1253.3600000000001
13013,1,13,4810.94
14113,3,4,1840.4199999999998
16612,32,4,1187.6599999999999
17486,261,1,396.87
17451,1,7,1721.4
13489,105,4,449.52
13885,189,2,506.8
17571,50,4,1425.67
17549,23,2,148.86
13656,164,2,379.65000000000003
16637,32,4,1154.4700000000003
15121,50,2,457.72
14598,44,1,221.97
14406,119,1,156.75
15093,18,6,4597.0199999999995
16806,103,4,762.1600000000001
16737,53,1,417.59999999999997
14403,130,4,1475.8100000000002
14390,10,9,4642.57
16930,26,3,378.89
16963,187,1,110.55000000000001
16906,81,4,559.5900000000003
15734,114,2,1339.45
15088,21,2,1160.0699999999997
14629,4,2,955.2600000000001
15766,64,1,315.05999999999995
12925,4,2,694.05
16504,25,1,465.88000000000005
17706,4,17,10504.49
15174,322,1,135.75
14036,284,1,626.65
16893,366,1,145.93
14862,25,2,841.2
14639,52,6,2984.49
12910,23,8,3075.0400000000004
15044,19,17,7634.7300000000005
17120,233,1,307.46000000000004
13079,4,5,220.09999999999997
15322,85,1,679.68
12922,161,1,405.38
15740,49,1,154.88000000000002
16719,14,7,1770.22
14698,1,5,1217.27
18274,30,1,175.92000000000002
14178,8,7,1600.2600000000002
14704,11,9,1493.96
18022,35,1,612.72
14188,30,6,2054.36
16616,15,2,500.42
14039,33,1,152.2
17727,15,1,1060.25
15813,207,2,1303.9099999999999
16825,38,2,775.1800000000001
15261,135,1,254.81999999999996
13427,19,3,582.6
14502,19,11,2429.83
14475,71,3,925.8499999999999
16248,61,1,152.94
16919,156,11,2592.25
14038,78,3,1560.3799999999994
17965,37,14,2599.1899999999996
15863,25,2,68.84
18075,23,10,2611.75
17481,3,4,1255.59
16378,247,3,362.9500000000001
15145,4,4,1194.7300000000002
15437,262,1,200.16
17389,0,34,31833.68
16369,18,3,1545.4100000000003
16784,19,1,107.6
14863,29,1,266.76
15291,25,15,4668.300000000001
17988,11,7,201.11999999999998
16447,135,1,255.91
13886,71,1,243.56
15363,372,1,326
16899,7,6,1271.06
13005,173,2,513.6999999999999
17491,1,10,3558.8700000000003
14655,8,4,1932.23
14902,25,1,332.66
13716,269,1,138.28
17639,276,1,108.5
17309,95,1,82.75
14020,16,2,642.8000000000001
13235,212,1,1031.0700000000002
13650,16,6,1836.3400000000001
14326,242,1,183.85000000000002
15609,184,1,298.48
12904,18,2,496.06
14662,28,4,741.3699999999999
15034,15,8,4274.16
14204,2,1,150.60999999999996
14904,2,2,1025.44
15061,3,48,54534.14
12346,325,1,77183.6
14099,16,11,3104.17
17436,1,2,216.3
18193,165,1,243.76
17247,15,1,280.09000000000003
16927,115,3,543.0500000000001
13158,94,4,1201.06
14561,75,3,1080.76
15552,217,1,90.12
14465,246,3,1038.44
13429,10,4,1006.7999999999998
14735,3,32,6065.6900000000005
12828,2,6,1018.71
14315,44,6,2481.13
14101,73,6,5976.790000000001
14272,73,2,437.96000000000004
17287,26,7,1049.0600000000002
14386,296,1,142.4
14142,373,1,311.81
15150,17,10,5291.33
17248,120,1,318.65000000000003
14284,30,2,595.25
17218,4,10,1951.97
17290,3,2,513.01
17394,219,1,203.86999999999995
14245,219,2,1693.4499999999998
14511,11,5,1314.8100000000002
15553,60,1,428.92999999999995
16468,74,1,74.9
16413,56,1,262.2
17158,32,3,1266.97
18005,3,2,226.47
17387,19,2,746.81
15980,88,3,2398.8599999999997
16877,12,6,846.62
13344,67,3,2511.6900000000005
15249,31,13,6688.459999999999
15397,289,1,94
15504,81,1,52.83
14037,176,2,147.2
15444,9,2,1411.2100000000003
15838,11,19,33643.079999999994
15372,137,1,2007.4
13133,273,2,109.80000000000001
13519,78,1,122.75
16629,73,2,408.63
13341,260,1,775.8499999999999
16723,91,2,576.4
15830,37,1,576
17797,22,3,780.4300000000002
13639,74,1,1033.3400000000001
14593,21,3,617.15
15965,17,4,808.87
13763,63,1,1714.9599999999998
13464,58,1,674.6800000000001
14218,42,1,169.48000000000002
17634,36,9,2358.59
17198,23,3,692.2199999999999
13003,105,3,149.05
14048,305,1,409.93
15576,37,1,921.37
14351,164,1,51
13365,33,2,2225.37
14895,7,20,11138.71
18213,236,1,232.48000000000002
13061,72,1,248.61
17750,5,9,1710.4499999999998
17019,11,4,1258.08
14175,59,3,3222.3
12917,128,1,594
17512,28,10,2924.99
17557,14,3,541.4599999999999
13000,106,3,534.8500000000001
13015,53,5,3339.6400000000003
17370,72,4,446.17999999999995
15787,26,3,933.26
17078,36,2,378.20000000000005
16134,21,2,618.09
16239,56,2,414.2
15398,16,2,1345.5300000000002
13584,306,1,142.4
17531,190,1,296.7
17164,32,7,2467.35
15869,277,2,149.64000000000001
14525,19,9,4215.9000000000005
17295,28,3,547
16633,17,6,2883.1000000000004
13265,53,5,2092.6600000000003
16587,232,1,225.14999999999995
15171,331,1,1289.5
17312,138,3,644.3
13790,4,1,348.79999999999995
14813,369,2,152.87999999999997
14056,1,23,8152.710000000001
14601,10,1,213.96000000000004
16803,65,1,332.3
17917,45,3,335.03000000000003
16634,222,2,217.9
14078,101,6,1049.37
15265,151,2,1506.12
17450,8,46,194390.78999999998
14705,198,1,179
17911,9,1,366.23
15038,58,6,685.74
16065,365,1,367.14
16274,373,1,351.75
13933,109,2,608.78999999999985
13705,7,3,711.86
14155,266,1,118.75
15909,173,1,191.93999999999997
16363,53,1,109.36000000000001
13396,29,2,1360.99
17878,43,1,379.45
13336,77,1,795.1200000000001
15864,22,6,1936.3200000000004
15075,77,1,773.03
12872,326,2,599.9700000000001
13723,217,1,199.85000000000002
15333,208,1,1028.56
17073,17,4,1446.0900000000001
15201,87,5,1236.54
16813,8,10,1652.18
18044,4,10,2088.6
13804,30,7,2588.39
14501,183,2,251.21
15618,32,4,776.8510000000002
12930,78,2,415.8
15757,65,2,714.4200000000001
13209,30,8,5891.61
13808,5,5,1747.6600000000003
13262,263,1,200.29
13503,71,1,216.85000000000002
14622,184,1,320.58
17958,116,1,508.4599999999999
16931,5,21,4554.870000000001
14967,49,1,463.8
16258,45,5,5203.510000000001
18145,12,4,2861.55
17509,57,8,6083.639999999999
13510,1,4,1791.56
17906,247,1,72.9
17357,24,2,384.39
14462,66,11,1980.57
13168,36,4,1299.5900000000001
16960,38,3,507.05
17914,3,1,329.35999999999996
13971,18,8,2758.26
14379,44,2,348.1
15243,74,1,316.68
12840,143,4,2726.77
17700,16,4,2534.64
14551,18,2,186.23000000000002
15649,336,2,816
18155,75,3,371.62000000000006
13504,64,1,295.93000000000006
17793,25,1,300.34
17898,85,2,152.06
16496,8,3,1599.52
17615,130,3,329.6000000000001
13422,64,1,2626.3
15039,9,47,19766.59
13364,71,1,134.96
16236,78,1,432.19999999999993
15107,311,6,319.5
17736,9,3,377.44
16292,121,1,302.25
16045,119,4,1340.7
17049,2,9,5655.030000000001
15014,43,2,257.66999999999996
15974,39,7,3442.15
16918,49,6,1068.8200000000002
15099,84,1,410.48
13538,43,7,1280.8500000000001
14032,2,11,2975.59
18108,254,1,271
16308,37,4,2560
16959,87,1,117.35000000000001
16989,7,6,1133.25
12831,262,1,215.05
15596,100,5,1406.5900000000001
15713,143,2,356.7
17500,17,3,1138
16902,116,1,1706.88
16033,5,20,8778.82
18121,149,2,653.3000000000001
15073,9,3,1043.4099999999999
17359,11,1,127.85999999999999
13439,255,1,283.71
18287,42,3,1837.2800000000002
13411,107,1,213.55
16037,269,3,855.0200000000001
13060,253,1,307.53000000000003
12940,54,2,899.69
14195,201,2,1011.9999999999998
15326,333,1,311.7099999999999
16924,21,3,829.8900000000001
15500,8,4,1131.5600000000002
17790,26,14,1964.3000000000002
12834,282,1,312.38
15140,52,7,2354.25
13072,266,1,177.14999999999998
14389,65,2,1043.46
16145,8,11,3799.4900000000002
17330,22,2,363.9
16532,17,3,6748.8
15947,82,1,1708.24
16938,8,4,2711.6800000000003
17375,199,3,400.09999999999997
14631,50,3,1006.98
13880,21,13,3219.7700000000004
13752,124,6,1175.3799999999999
17904,21,1,181.07
16788,123,2,594.3899999999999
15494,21,2,1280.58
13161,313,1,112.75
16952,109,2,167.60999999999999
14642,58,1,96.12
14054,65,1,92.46
14064,29,5,1334.3399999999997
17288,9,7,1417.63
17194,273,2,262.62
15547,7,14,4910.6
15379,169,7,3703.29
16092,114,3,817.86
17612,53,6,2048.45
14480,11,1,279.05
15537,163,1,110.92000000000002
14589,371,1,39.75
15160,357,1,158.16000000000003
13853,57,1,1090.1399999999999
18180,4,6,1843.7500000000005
14857,59,2,1173.12
13258,11,3,672.83
18237,2,5,987.1000000000001
13972,70,2,190.25000000000003
17076,36,3,841.0799999999999
16438,5,5,798.35
13821,144,2,385.64
13837,211,2,266.59000000000003
15847,38,2,389.2699999999999
18138,295,1,152.65
14334,16,8,2552.2100000000005
14640,24,6,2107.38
16185,16,2,529.4100000000001
15167,320,1,158.79999999999998
15808,306,4,3651.27
15125,25,15,11528.480000000001
13298,1,1,360
14841,53,6,3295.7599999999998
13245,50,1,430.5
13449,23,1,291.88000000000005
15581,120,13,3675.77
13221,240,2,847.4100000000001
13662,85,3,881.26
14353,215,1,90.6
14656,169,2,291.05
18077,8,11,2584.41
13117,21,8,984.9100000000001
16171,59,1,73.2
15774,68,1,270.79999999999995
15426,19,5,1404.07
16841,36,6,1869.82
15950,31,4,1744.71
15280,172,1,113.12
16341,24,4,1971.87
16697,241,1,112.75000000000001
13529,78,2,307.76
18172,14,20,7561.68
17601,239,1,116.00999999999999
13558,5,4,594.52
16079,16,3,1352.0000000000002
16168,10,27,3787.6000000000004
16826,51,1,341.70000000000005
14415,1,13,5855.57
12867,26,7,4009.3399999999997
14894,85,1,655.7499999999999
14710,14,4,599.48
12913,4,5,2483.6299999999997
17824,51,1,298.4
15584,23,4,720.8600000000001
14418,3,3,1937.25
14298,8,44,51527.299999999996
13911,57,9,2580.91
14620,205,2,412.78000000000003
16066,16,5,1521.0400000000004
14216,3,4,1839.3000000000002
15628,4,9,2870.24
15785,32,5,2328.9700000000003
13320,78,4,1532.1999999999998
17051,194,1,240.89
17905,71,4,798.99
15276,66,1,128.63
13035,73,2,921.88
17464,158,1,289.96000000000004
13308,22,3,1385.51
15370,40,7,2386.05
17835,2,3,342.23999999999995
16114,170,1,135.75000000000003
13651,35,2,94.2
15074,105,1,735.6700000000001
15050,25,3,1737.69
16249,52,5,1800.0700000000002
17738,19,4,1879.05
13220,78,4,819.29
15178,260,1,40.5
16221,36,3,860.86
14404,33,6,1449.3200000000002
17889,212,2,201.37
15657,22,1,30
14901,11,9,1421.29
15891,226,1,511.67999999999995
13188,11,1,114.60000000000001
14224,110,4,1009.73
13428,10,1,201.78
17569,332,1,344.13999999999993
14532,236,4,932.8500000000001
15531,8,2,1972.3899999999999
13865,58,4,501.56
15791,43,2,1612.69
16216,267,1,914.9299999999998
14212,89,1,1070.48
15139,239,2,178.96
15421,58,4,950.36
18269,366,1,168.6
15796,1,8,2708.61
16956,17,1,308.74
15690,4,2,239.76
13307,120,1,15
14149,220,1,446.62000000000006
15969,2,3,666.0999999999999
14585,50,1,157.05
15289,29,3,939.78
13657,10,2,382.14
13417,4,2,640.83
16093,106,1,17
16712,9,11,3611.31
14658,5,2,247.14999999999998
17183,7,6,3347.31
17752,359,1,80.64
17600,17,1,161.67000000000002
14211,53,9,2241.1000000000004
17795,179,2,342.82999999999987
12923,64,1,172.81999999999996
13848,92,3,1255
14154,239,2,1345.62
12863,52,1,521.2
13277,15,4,258.4
15598,53,1,240.68
16482,15,1,220.62
15373,8,12,2415.9100000000003
17254,4,2,271.19
14185,331,1,197.65
17984,145,1,152.68
15132,18,5,977.93
15525,2,3,734.3699999999999
16883,187,2,272.47999999999996
14256,260,2,969.06
18283,3,16,2045.53
14411,310,1,1063
16227,225,1,314.22
15815,63,5,2100.6
17976,372,1,321.78999999999996
13722,131,3,2375.41
14491,175,2,340.93
16828,93,2,128.5
18216,31,1,481.74999999999994
17579,4,3,448.8999999999999
15944,276,1,325.1
15163,18,2,304.4699999999999
14869,8,2,721.45
15180,367,1,87.5
13938,35,1,71.66
15550,4,4,575.6300000000002
14068,320,1,265.85
16539,2,4,1388.81
14487,26,6,1165.48
13046,30,2,629.31
15238,29,3,1071.99
16181,73,1,305.5400000000001
17623,32,1,527.0500000000001
14352,157,4,1078.9600000000003
16757,318,1,106.83
16172,95,5,1140.2100000000003
15563,22,4,1400.44
13960,21,2,230.22
18282,7,2,178.05
13026,1,5,975.36
18227,217,1,93.75
15290,4,18,7943.219999999999
12963,8,8,1856.63
16271,2,5,1404.64
13395,185,1,307.71999999999997
18248,122,2,804.02
16364,11,2,705.78999999999985
17371,17,3,418.40000000000003
17838,26,5,2720.8
14514,61,3,990.2
13532,33,1,210.30999999999995
15057,275,2,1489.5
17374,218,2,495.7699999999999
16101,70,1,1290.6999999999998
13375,88,1,778.65
16621,51,4,813.4800000000001
15247,122,1,356
16180,100,8,10254.18
16566,15,5,614.6600000000001
15240,44,5,1706.57
16642,4,2,688.33
18120,214,1,111.14999999999999
17060,266,1,234.24
16536,110,1,548.12
13256,14,1,0
17235,25,2,550.0600000000002
13304,351,1,300.41999999999996
16108,84,1,842.5
14958,147,3,483.73
13515,72,4,891.12
14108,30,2,597.9100000000001
17885,12,1,156.34
13588,15,9,2478.95
16139,18,3,635.4100000000001
13581,309,1,118
13774,81,1,345
17024,45,3,95.85
13937,169,1,158.85
14697,218,2,188.60999999999996
16601,40,1,242.69999999999996
16775,10,11,1691.5100000000002
16377,267,1,676.2
13521,1,3,1071.73
14517,33,2,330.45000000000005
17411,12,3,778.9399999999999
14625,196,2,899.63
16744,11,7,1291.9099999999999
16024,12,1,251.03
14964,247,1,206.21
16018,39,2,408.90000000000003
17418,42,2,463.46
16345,44,1,565.46
18092,2,11,9068.26
15149,133,1,520.8
17402,4,13,2633.8499999999995
17524,361,1,145
17033,86,3,1030.14
14021,155,3,631.9000000000001
15456,283,3,434.59000000000003
14098,36,1,147.34999999999997
14954,12,1,294.84999999999997
14196,106,1,335.52
15922,373,1,369.50000000000006
13166,283,1,417.20000000000005
15159,1,30,18641.010000000002
16560,26,2,841.4100000000001
17869,107,5,428.18
18006,23,1,444.68
16383,74,2,643.7599999999999
16003,29,5,2735.37
14248,318,1,302.58
17038,30,1,112.40000000000002
14500,88,3,356.85
13227,201,1,257.7
16872,77,3,680.02
14236,80,2,490.86
17434,2,7,2373.8199999999997
15777,241,4,1047.1100000000001
12864,138,1,147.12
13908,79,4,2369.55
14146,8,5,4191
18010,256,1,174.79999999999998
17799,22,10,3039.17
13450,26,6,2043.72
13327,38,8,3627.77
13239,261,1,329.56
13703,318,1,99.5
18068,289,1,101.69999999999999
16829,156,1,197.22
13623,30,5,727.7399999999999
17515,31,4,639.02
15478,40,2,1399.9199999999998
13801,66,1,324.79999999999995
14138,1,2,965.8800000000002
14578,3,1,168.63
15286,49,1,240.55
15704,140,4,2293.62
15951,8,2,708.22
17317,46,3,2600.34
16650,71,1,518.4200000000001
14699,214,1,109.13000000000001
13551,319,1,91.80000000000001
14135,1,15,4690.3099999999995
15543,288,1,127.86
13888,119,2,595.67
13089,2,97,58762.08
16020,16,3,851.01
17584,7,2,1242.3000000000002
17939,159,1,99.14000000000001
14527,2,55,8507.130000000001
17075,17,4,834.1199999999999
17650,21,1,166.07999999999998
14868,3,8,2953.59
16589,71,3,459.24
17337,151,4,1981.06
17007,50,6,889.9299999999998
15569,103,5,1375.71
15353,254,2,770.1200000000001
18094,81,7,3017.3
13460,29,2,183.44
13564,144,3,1724.67
15739,66,1,449.12
18095,312,2,580.05
17351,36,3,587.15
18119,367,1,180.69999999999996
14073,32,1,151.04
18110,19,1,198.8
17412,2,7,1258.0600000000002
14109,72,1,144.2
17525,359,1,422.7
14800,47,12,4331.790000000001
17302,14,5,1135.63
16463,21,4,1422.4
14780,54,2,447.68
18130,15,3,1059.3899999999999
16493,79,4,1351.63
13799,116,2,688.8600000000001
14503,3,6,3543.26
17122,119,1,138.32
14034,22,3,648.8900000000001
17107,33,6,10797.48
17874,185,6,683.46000000000015
15473,14,7,1771.2
15626,74,2,675.8000000000001
15128,60,4,1471
12821,214,1,92.72
15670,296,1,173.05
13196,11,4,1797.78
13577,25,4,1687.6000000000001
14231,183,3,925.71
17324,17,4,986.4799999999999
15051,23,3,1383.3600000000001
15988,19,1,156.78
13974,49,1,413.59
16071,44,1,326.24
14329,17,7,4975.24
15382,14,6,5955.709999999999
15940,311,1,35.8
13560,7,1,171.42
13883,10,5,2674.48
13160,22,1,91.8
17059,29,5,3080.39
13940,17,4,839.14
15052,319,1,207.73000000000002
13124,89,3,3756.33
12823,74,5,1759.5
15062,71,4,987.86
18064,133,2,814
14129,1,5,1123.8600000000001
17169,57,2,835.7800000000002
17884,3,4,695.07
15009,12,3,1259.4299999999998
13416,43,2,712.5
16488,33,3,498.79999999999995
15120,133,1,358.8199999999999
16680,43,1,183.7
15185,70,1,310.62
16672,2,20,8134.94
17329,14,2,523.11
14270,331,1,492.65
14546,5,5,2573.9300000000003
16023,46,3,719.81
14530,25,6,2862.11
15256,148,1,98.45
13436,1,1,196.88999999999996
13726,38,2,1079.6599999999999
15502,15,12,10384.929999999998
15885,92,3,379.35
17968,373,1,265.09999999999997
16043,37,4,773.99
15745,19,4,1094.59
16147,133,1,374.99999999999994
15764,88,6,3279.97
15264,64,1,393.7400000000001
13414,133,3,1390.5
13993,42,9,3466.3600000000006
17526,4,4,1195.9
13506,316,2,458.52
16008,23,3,478.78000000000003
15043,31,1,537
13001,4,13,9785.970000000001
16395,60,5,1482.0600000000002
13359,63,1,439.55999999999995
13347,70,1,341.36
17291,308,1,550.8000000000001
16441,67,2,381.2
15971,17,12,4199.85
13509,8,7,979.72
15937,64,1,145.35
17734,53,3,700.63
17420,50,3,598.83
14163,87,4,2445.9100000000003
13081,11,11,28337.379999999997
16350,21,4,1116.47
16838,197,2,588.85
14966,14,1,183.01999999999998
14307,88,6,2995.72
17243,1,26,8540.05
15419,24,1,135.85999999999999
16943,211,3,816.7299999999999
13614,24,4,1585.46
16287,169,1,142.5
17155,17,2,251.69999999999993
14040,40,12,3560.32
16850,333,1,332.41
13305,4,10,2000.8599999999997
15087,281,1,306.94
16148,296,1,76.32000000000001
13339,200,1,860.12
14407,107,6,2157.73
14618,9,3,553.44
17453,17,2,486.71999999999997
14536,259,1,170.95
18231,192,5,2071.7699999999995
15916,16,8,1502.8600000000001
17026,185,2,154.82999999999998
15104,196,2,993.5400000000001
16966,8,7,2154.9700000000003
14062,9,12,10464.850000000002
15599,26,2,761.74
18114,290,1,220.1
17602,2,6,5054.42
13893,297,1,821.1000000000001
16027,91,6,934.6199999999999
15840,58,2,355.55999999999995
12827,5,3,430.15
16425,302,1,302.69999999999993
17596,23,7,2806.69
15152,9,13,4745.6900000000005
13678,151,1,232.6
18117,25,1,315.65
16766,273,2,1145.5999999999997
15769,7,26,56252.72
15529,22,11,3962.6
14673,3,5,1736.4
17017,2,20,8694.26
14696,4,7,2078.95
17703,35,3,798.74
16096,264,1,320.62
12829,336,2,293
15386,186,1,394.14
17454,192,4,517.53
14529,60,3,578.6099999999999
18122,8,6,1793.0600000000002
13591,64,3,1117.1299999999997
12857,210,2,1106.4
16207,25,1,394.38
15399,1,3,815.77
15632,15,8,3285.3100000000004
14355,365,1,174.4
17064,58,3,855.4499999999999
13246,18,6,1961.52
17321,8,2,657.16
17221,7,2,334.48
15116,17,4,1352.75
16742,46,1,464.9
15801,46,3,1063.95
18125,29,4,1131.75
18255,89,1,103.3
13138,22,6,962.39
16322,1,2,326.74999999999994
13579,14,2,467.0400000000001
12931,21,15,42055.96
13842,58,9,3385.6200000000003
13870,2,8,2770.94
16244,211,2,1522.75
18072,185,1,247.44
12949,30,8,4167.22
14191,1,13,4684.76
16769,260,1,361.5399999999999
17791,29,1,106.1
16097,240,1,185.05
16940,52,3,3049.88
14395,2,9,3479.91
15358,4,22,8347.2
14077,40,5,499.4200000000001
13467,10,2,1071.91
15136,2,4,1286.7000000000003
16891,1,5,742.4300000000001
16405,302,2,167.25
13474,236,1,226.83999999999995
14565,95,4,3099.1200000000003
14548,150,2,652.8
13634,33,5,1547.3599999999997
15288,43,5,2306.5200000000004
17244,53,1,954.9
18035,35,3,713.8900000000001
15018,38,3,496.21
13563,84,2,777.53
13518,85,1,627.1600000000001
17761,32,1,712.78
16159,281,1,348.2000000000001
14861,52,1,125.79000000000002
13743,2,7,1341.6
17219,31,1,114.23
14701,10,9,2526.09
14947,72,2,290.82000000000005
13309,7,5,1456.79
16473,164,3,316.11
13030,11,2,752.4399999999999
14350,274,1,282.92999999999995
14756,15,1,738.9599999999998
16102,42,3,1842.14
13760,54,2,286.78999999999996
13182,45,1,121.18
14702,1,17,3251.79
15109,245,1,484.9500000000001
15458,25,1,161.64
17091,2,9,3827.7600000000007
14675,16,1,596.36
16565,364,1,173.7
17002,85,3,1493.7300000000002
13435,5,7,3809.89
16311,17,2,616.26
17475,79,1,194.36999999999995
15227,36,5,1219.4
14594,7,2,363.3299999999999
12824,59,1,397.11999999999995
13247,17,4,501.11999999999995
15066,53,1,893.59
16209,88,5,2262.6199999999994
12994,4,3,974.42
17883,3,4,664.34
16330,17,3,251.91
13410,24,5,1003.0600000000002
16094,11,4,1078.2299999999998
15983,22,4,1465.12
17581,0,25,11025.24
15935,239,2,416.86
15645,18,1,612.01
16448,198,1,182.99
14229,51,3,1547.2
14584,169,4,1033.0600000000002
16000,2,3,12393.699999999999
15724,201,2,218.25
15448,312,1,494.64
13142,19,1,307.0899999999999
17974,24,3,703.99
17372,40,8,1337.18
16878,84,1,13.3
17175,44,4,1443.69
18142,157,2,1019.52
17620,59,1,81.44
17403,36,1,263.92
13110,31,7,1488.67
16790,3,6,1545.6200000000001
17891,162,1,203.85999999999996
17701,252,1,417.95000000000005
16624,80,2,810.5699999999999
13986,17,1,320.46000000000004
17811,4,39,7761.82
13313,22,5,1555.32
13536,1,7,3444.39
17894,71,8,1118.96
15468,51,2,467.51
14235,75,5,3144.86
15466,85,1,334.53000000000003
14550,10,2,757.3700000000001
13675,151,2,486.82000000000005
18071,257,2,453
13863,247,1,305.78
16324,128,3,408.58999999999986
16623,245,1,129.45
17852,11,2,114.34
17695,131,2,765.3400000000001
15460,354,1,214.26
14873,210,1,519.6800000000001
16999,23,2,484.82
17830,1,3,398.69999999999993
17691,358,2,290.4
15058,25,11,2102.54
14795,166,1,131.45
14929,32,1,223.88
17400,126,5,2097.84
17666,3,2,728.1599999999999
12888,214,2,354.12
14577,12,4,859.71000000000015
15142,46,1,498.74000000000007
16801,163,4,1594.23
15168,25,1,106.56
17580,252,3,215.71999999999997
17582,236,1,175.27
16184,64,6,1158.79
14301,117,1,640.1400000000001
15067,78,3,1744.76
18226,44,11,5228.050000000001
14543,28,16,3599.73
13562,81,3,1799.33
16204,23,1,384.18
16049,40,3,1074.81
15653,92,2,877.4399999999999
15654,9,2,922.5300000000001
15917,247,1,123.10000000000001
14416,22,2,490.2200000000001
16485,77,1,363.65
13178,26,11,5725.469999999999
16098,87,7,2005.63
13456,17,6,1766.72
17469,16,5,1870.9700000000003
13822,5,2,632
16747,37,2,836.06
13690,59,1,172.25
15005,15,28,6295.37
16509,296,1,363.70000000000005
14210,105,6,1905.8400000000001
12924,88,4,933.7000000000002
17775,254,1,56.4
18159,301,1,530.1500000000001
17426,8,6,5037.26
15958,74,1,104.35
16681,72,6,1770.3400000000001
13756,2,14,5189.52
16213,78,1,159
13867,31,3,1005.0899999999999
15620,56,3,1553.1799999999998
12851,96,1,131.80999999999997
17962,142,1,102.41
13735,24,4,2883.5399999999995
16305,138,1,361.21999999999986
14553,19,5,859.2700000000001
13294,189,2,873.74
16934,54,2,931.0300000000002
13777,0,33,25977.160000000003
15292,201,1,178.39
14714,24,1,160.19
17966,37,5,1098.4299999999998
16374,66,2,466.72999999999996
16692,256,2,1276
15492,28,2,659.4599999999998
16811,4,2,547.0699999999999
13462,252,1,151.5
17069,28,9,2709.7
18236,29,6,882.24
16057,16,7,2263.12
14460,110,3,434.34000000000003
16022,260,1,602.6300000000001
16357,33,3,658.88
15312,75,4,924.85
17499,289,1,622.88
15587,50,4,913.6800000000001
12826,2,7,1474.72
13083,4,2,303.75
14107,51,7,2703.23
16053,32,2,1511.9500000000003
15723,364,1,190.70000000000002
16212,19,2,690.3399999999999
17054,28,5,1356.3300000000002
17117,288,1,116.19999999999999
16136,59,3,709.3800000000002
17022,31,1,71
12873,282,1,374
17037,87,1,1267.32
16215,80,1,242.35000000000002
12879,44,3,573.22
13145,39,4,618.52
13398,192,1,457.34000000000003
17398,114,3,653.38
17725,16,11,3439.08
17498,75,1,272.22
14971,35,3,1097.98
17924,11,7,2962.500000000001
13431,67,2,1269.1
17722,96,4,2424.04
14785,10,2,77.4
13102,1,24,6424.089999999999
17423,46,2,698.41
17813,14,5,1698.0700000000002
14267,162,3,1516.24
13069,0,24,4431.4400000000005
15146,164,2,1327.16
17259,148,2,581.2299999999999
15641,105,4,1887.2
13340,45,7,10736.48
16284,31,2,812.68
16593,50,3,330.03000000000003
18104,37,1,754.6400000000001
16070,22,2,852.15
16690,72,2,225.57999999999996
16793,57,1,243.84
13831,16,6,2198.45
13314,1,3,775.94
17978,365,1,300.91999999999996
14342,21,4,668.5600000000002
13170,26,1,108.81
16278,100,1,566.38
15036,72,3,429.56
17289,31,3,931.02
15516,44,3,62.43
14948,23,6,1101.97
14484,50,1,321.92
16105,248,1,336.96
14012,277,1,328.8
15355,29,2,277.05000000000007
15793,14,3,965.6099999999999
15389,172,1,500
16998,149,4,295
15463,29,1,126.14
13731,219,2,610.59
16912,28,11,2555.5800000000004
14105,239,1,1266.23
15281,58,9,2332.1499999999996
18065,5,14,2392.83
14803,162,3,845.55
13652,45,3,1095.08
17343,355,1,193.64
15260,100,7,1810.77
14104,154,2,216.20999999999998
18015,4,1,120.03000000000002
14019,46,3,1421.61
13055,78,3,1214.41
15811,22,6,2218.62
13259,61,1,283.18
14004,43,7,4582.639999999999
15181,66,3,689.48
15124,22,2,184.19000000000003
13636,36,5,949.12
16721,262,1,292.46999999999997
14829,29,4,697.55
16276,176,1,810.6000000000001
17930,35,5,1740.4799999999998
16084,299,1,436.18
15111,29,3,1567.4799999999998
13159,8,4,1429.3500000000001
18150,32,3,566.5800000000002
16971,38,1,357.21
17888,21,8,716
14582,40,1,114.11
13059,249,1,183.4
13080,179,1,58.08
15867,5,15,3810.1400000000003
13397,72,5,1544.1299999999999
16947,235,1,406.48
16411,19,2,211.7
15245,134,3,2515.84
15712,9,5,1072.36
13368,256,2,623.4
17490,0,7,2092.32
15532,25,4,1564.73
15054,12,2,302.1
16669,23,3,1348.88
15984,2,10,2780.63
16873,4,6,7123.620000000001
16745,86,17,7180.7
15621,4,4,1293.03
17646,219,3,1008.39
15253,16,5,918.1999999999998
15315,64,2,570.5000000000001
15752,39,7,2626.6000000000004
18194,82,1,973.8399999999999
18222,92,1,443
17187,226,1,203.95
18053,70,1,300.0200000000001
14297,17,4,1305.3299999999997
14030,18,8,2358.8399999999997
17461,22,3,735.82
15454,362,1,179.10000000000002
14339,242,1,309.52
14453,190,1,119.93
13352,60,1,397.97999999999996
16855,23,2,328.40000000000003
17931,134,2,408.36
16613,70,1,618.5900000000001
14997,46,3,546.2
18228,56,2,779.9
18082,25,1,680.8399999999999
15339,66,2,574.0699999999999
15006,51,1,480.38000000000005
13082,126,9,3613.6299999999997
16679,366,1,129.75
15953,15,8,1657.28
16153,49,5,1824.23
15812,107,5,1801.14
18198,4,17,5425.560000000001
13514,73,1,152.20000000000002
12885,63,3,1175.2199999999998
14180,10,25,4748.52
13956,5,5,1019.2700000000001
15556,24,1,279.77
15648,204,2,639.5
15025,33,1,361.96
16913,290,1,113.44
17737,9,2,168.24
15482,15,12,10879.76
17043,32,4,1735.18
14193,67,2,853.3900000000001
18260,172,6,2628.3499999999995
13742,16,12,3107.8700000000003
15407,33,4,1046.74
15865,40,3,895.13
16031,92,2,547.9000000000001
14327,163,1,311.65000000000003
14744,16,7,1099.98
15518,64,8,1921.5500000000002
15236,298,1,321.04999999999995
13828,22,1,209.49000000000004
18196,95,2,686.6300000000001
15743,16,4,775.9599999999999
17593,3,5,3923.86
13408,1,62,28117.04
15897,194,2,208.59000000000003
17735,2,19,13110.02
15592,46,1,388.58
15508,189,6,1000.2700000000001
14963,9,5,1472.34
15898,1,5,1383.8299999999997
16846,50,1,214.32000000000002
17442,36,6,2248.56
17489,58,2,376.63999999999993
17631,1,3,528.3300000000002
15903,9,7,5126.76
17642,119,2,712.29
17514,128,1,208.65
13426,0,10,3641.3199999999997
14473,74,2,234.34
14282,3,15,3701.4400000000005
16570,15,10,3738.4
18215,89,1,299.34
17081,25,2,288.91
14715,24,4,867.3800000000001
13108,372,1,350.05999999999995
17676,4,6,1371.18
16340,107,1,534.31
17519,17,6,1844.02
18099,127,1,168.31
14287,8,3,176.63
12955,1,11,4757.160000000001
16795,365,1,414.87999999999994
12902,264,1,138.67999999999998
17949,1,45,58510.48000000001
14790,16,4,745.0600000000001
15692,28,1,191.03999999999996
15462,94,3,234.6
18079,45,4,3613.1499999999996
16515,52,5,1624.14
15663,106,1,138.14
16607,17,14,3347.71
13302,155,1,63.75
14447,18,5,1163.2300000000002
18011,373,1,102.79
15402,148,2,626.77
13394,1,8,2520.0200000000004
13273,113,1,138.98
13321,72,2,567.36
16365,17,9,1540.42
17961,21,39,1296.44
16243,33,2,409.1
17041,26,3,1071.49
15506,22,3,972.0799999999999
18018,108,2,122.14
13075,129,1,919.6100000000001
17723,127,6,3276.4
15925,194,1,207.14999999999998
13236,24,2,744.85
17212,253,1,226.85
14733,16,12,9585.91
16126,29,4,6287.77
13477,37,6,1454.5800000000002
13989,65,2,1266.08
15214,1,8,1661.44
17608,33,2,191.99
14117,143,1,90
17954,5,12,2314.1299999999997
18066,75,1,318
16483,192,1,139.35
17537,29,2,887.67
13021,4,9,2616.38
14067,63,2,374.7
12942,131,3,675.6
13621,116,1,213.85
18189,77,2,1090.2400000000002
15524,24,1,440
15700,172,2,696.6799999999998
15565,50,2,173.16000000000003
17148,51,1,124.88
14664,19,2,636.24
16598,285,1,145.05
16837,31,11,3170.9799999999996
13324,36,10,7121.95
18116,67,8,1403.1100000000001
18058,9,1,170.16
14825,3,12,2221.0100000000007
13787,75,2,309.04
16897,299,2,289.78
14323,114,2,605.0600000000001
16714,218,3,1129.06
14479,253,2,316.24999999999994
14916,70,4,1268.98
17806,11,1,546.04
13569,17,2,338.61999999999995
13844,11,1,361.62
16832,184,3,199.15
14852,58,6,2836.69
17410,16,5,1214.72
16674,54,2,304.24
18233,325,1,440
17323,15,7,906.52
16186,22,12,4006.9400000000005
14189,2,15,4654.08
18176,358,1,476.35
17967,371,1,112.26999999999998
12984,18,1,97.5
13792,66,2,195.54999999999995
13097,32,10,6003.22
14045,109,4,1659.75
17530,1,10,2367.12
13988,19,6,4147.96
12956,306,1,108.07
15239,10,2,780.59
14515,17,6,2076.8900000000003
17510,24,1,308.48
17619,312,1,214.36999999999998
13267,2,19,4521.49
13685,2,7,3119.44
17768,8,3,2081.9
15274,4,2,716.57
12936,17,4,1063.8999999999999
13689,63,1,910
17197,29,1,1013.01
13524,40,5,680.1800000000001
16182,72,4,6617.65
15854,4,12,2969.12
16898,26,3,501.03
16678,2,12,3109.99
16054,145,1,783.9000000000001
15267,22,5,1717.36
15900,23,1,337.28000000000003
14423,218,1,265.2
18129,243,1,112.55
16268,71,2,667.6500000000001
14626,23,4,2791.27
13484,241,1,313.8
17011,30,1,270.9
14870,261,1,327.24999999999994
16654,141,4,601.2699999999999
13767,2,37,17220.36
14910,2,4,434.35
14288,213,1,426.6
13898,325,1,155.93
12912,2,5,1662.3
13198,10,6,3401.24
13356,80,1,768.2400000000001
15304,60,8,694.4000000000002
17564,24,3,454.01
16658,368,1,123.24
15948,8,2,955.2400000000001
17912,310,5,310.06
17171,289,1,224.91
16349,290,1,53.5
16477,63,7,2494.46
17863,59,6,3160
13270,366,1,590
14535,60,3,2854.84
16475,88,4,544.3
16229,87,2,1010.5999999999998
12845,267,4,354.09
16953,30,1,20.8
17110,165,1,163.3
14421,57,2,813.1100000000001
15381,213,2,596.85
13502,16,3,291.99999999999994
17572,71,4,226.75
14341,45,8,2166.9799999999996
14312,46,6,1611.59
13823,18,2,957.66
15528,254,1,229.32999999999998
13649,256,2,346.6
16510,372,1,248.10000000000002
15053,4,3,693.9499999999999
15306,64,3,1174.35
13546,12,3,621.09
15157,3,3,1936.0700000000004
14740,197,3,1448.2099999999998
13854,8,25,8109.52
18086,274,1,101.33999999999999
13230,4,14,2755.6299999999997
17881,304,1,133.35000000000002
15912,178,2,264.61999999999995
15417,85,1,508.80000000000007
16281,72,1,2062.0600000000004
14485,38,1,162.8
14143,133,1,115.8
15070,372,1,106.2
14051,0,23,15610.390000000003
14246,110,3,1474.0600000000002
18161,15,5,1618.69
13107,44,4,1531.6200000000003
16756,214,1,239.40000000000003
17303,361,1,250.03999999999996
18178,128,4,1590.81
15118,134,1,244.8
15708,40,7,3235.25
14466,29,7,2272.4
16103,7,6,1429.6399999999999
14461,148,3,2103.0599999999995
17685,16,7,3155.8299999999995
14898,23,6,1269.31
15048,65,4,381
14331,124,2,462.65999999999997
17621,21,3,1379.8999999999999
17652,25,12,4867.72
14057,23,17,6211.66
14747,249,1,328.19999999999993
15634,17,1,243.55
17920,4,17,4119.5
13098,1,28,28882.44
16880,30,7,1491.43
12916,138,4,2944.95
15622,43,9,3709.5600000000004
15156,1,3,961.4899999999999
16594,75,1,181.09
15210,225,1,331.18
18270,38,2,283.15000000000003
17864,12,3,554.85
15820,319,1,206.98
16270,353,1,1141.2399999999996
17429,128,3,524.9200000000001
13292,38,2,578.9399999999999
14897,7,4,1366.38
17422,16,6,1979.3700000000001
16011,8,16,3352.96
14885,131,1,765.3199999999999
14887,79,1,1862
15428,15,1,93.78
17637,31,2,547.0600000000001
16820,95,1,497.61
14908,74,1,277.79999999999995
16778,74,2,245.94
15158,45,1,401.4000000000001
16193,236,1,314.45000000000005
17391,163,2,508.8
15434,8,5,1041.48
16656,22,15,8625.800000000001
13606,29,3,276.75
15570,7,12,4148.82
18113,368,1,76.32000000000001
16026,43,1,236.09
13548,96,2,678.16
13851,95,3,2651.4599999999996
15856,4,27,16143.64
15103,31,2,703.3599999999999
15007,159,1,156.91000000000003
16205,30,4,757.63
12832,32,2,383.03000000000003
15720,24,1,598.73
13539,85,3,631.34
16091,154,2,315.06
18277,58,1,110.38
17764,50,2,772.5500000000001
14345,38,1,108.97999999999999
15517,233,1,267.03000000000003
14638,50,1,443.6
15643,191,3,664
12852,294,1,311.55
17298,101,2,498.42
15636,89,2,724.76
15630,45,2,1186.35
16279,21,3,1502.78
15465,19,18,7354.619999999999
16951,134,3,1277.7500000000002
17408,163,1,32.65
16127,39,1,656.25
15068,46,2,553.36
15342,129,1,406.09
16385,60,3,554.8599999999999
15447,330,1,155.17
15346,332,1,252.42000000000002
17669,42,7,3406.72
17080,22,2,287.62
13441,91,1,296.64000000000004
16614,182,1,506.19
15789,358,1,351.3
12906,11,5,2919.81
16206,54,4,537.0600000000001
16466,33,7,1595.96
17879,173,1,178.51999999999998
12933,24,3,607.53
15826,56,3,1654.3100000000002
16957,239,2,416.64
15408,264,1,267.18
14729,373,1,313.49000000000007
15665,168,2,2222.2099999999996
16298,22,3,598.1999999999999
13894,23,3,564.6200000000001
17239,312,1,382.50000000000006
14693,264,1,172.9
15311,0,91,60632.75
18220,226,1,305.28000000000003
17430,32,2,265.76000000000005
18280,277,1,180.6
16241,9,13,2590.3100000000004
15251,9,11,10484.99
14976,57,7,790.86
16036,87,2,758.9199999999998
17331,123,1,175.2
16393,2,13,3040.96
17986,56,1,20.8
15198,92,2,193.64
16751,30,1,1764.7199999999998
18118,10,26,5625.08
17647,65,1,133.06
13531,205,2,483.80000000000007
17786,85,2,266.8500000000001
13901,72,5,2867.2
15215,46,3,734.9399999999999
12875,143,2,343.2300000000001
17908,373,1,232.02999999999994
15019,266,1,252.81
14794,2,7,1319.91
17873,80,5,1848.9600000000005
16356,197,3,211.77
16782,10,13,2267.95
16750,44,5,623.9300000000001
15041,170,1,179.92999999999998
17468,10,2,137
13155,33,4,971.7600000000002
16007,47,4,1693.81
18001,12,2,415.13
16384,89,2,584.5
16442,1,3,609.3
14476,257,1,193
14367,8,16,9227.82
14628,91,2,671.9599999999999
15497,17,2,1262.2
14396,65,2,487.99000000000007
18087,98,2,4055.7199999999993
17707,185,2,152.39999999999998
16863,31,2,502.8
13255,9,2,399.51
15219,176,1,305.75
13739,18,1,216.9
17618,5,3,930.2800000000001
13881,3,20,17159.52
17674,74,2,551.0400000000001
15411,26,4,1348.9300000000003
17837,42,8,1541.23
15262,323,1,178.95000000000002
15182,154,2,622.8499999999998
13491,51,10,1215.8199999999997
17079,78,1,118.80000000000001
14672,234,2,765.55
16050,173,1,137.89999999999998
17173,5,8,3766.5999999999995
16189,15,2,215.47999999999996
14924,245,1,310.05
16245,23,3,1413.66
18033,65,1,93.82000000000001
16261,17,4,728.5400000000001
15797,113,4,2207.4
16816,103,4,417.06000000000006
15299,67,7,4507.01
16933,1,2,563.23
14489,207,1,463.38
15153,31,1,329.25
14632,262,1,114.56
16426,2,10,1863.76
18004,362,1,157.91999999999996
17299,11,4,656.61
15319,283,1,204.5
14859,12,4,1353.74
14727,274,1,268.58
15637,52,1,223.36
16618,31,5,2647.5899999999997
15540,11,1,213.30000000000004
15527,18,8,2428.5300000000007
16347,11,2,847.45
16969,39,3,650.4100000000001
16503,106,4,1431.9299999999998
17144,1,2,984.5699999999999
15218,10,11,5756.89
15691,252,1,136.8
18184,15,1,49.8
17128,334,1,157.08999999999997
17431,313,1,403.3
17092,50,4,1774.0300000000002
17383,4,1,193.39
16491,46,1,731.5
13525,14,2,628.78
17929,11,4,843
15881,312,5,501.39000000000004
14112,22,7,2915.15
14239,43,11,2380.8500000000004
15807,50,3,903.9000000000001
17425,19,2,759.1700000000001
14796,1,17,7975.49
16759,7,3,789.79
14234,22,4,754.1200000000001
13589,14,2,379.65000000000003
17047,85,3,1100.8999999999999
15973,366,1,307.82
15722,35,5,2211.2100000000005
15203,25,6,1827.8
17428,0,28,17256.85
15967,23,2,397.67999999999995
16961,116,1,234.17000000000002
18084,16,1,90.47999999999999
18133,212,1,931.4999999999999
14438,306,1,131.9
15899,368,1,56.25
17362,239,2,312.22999999999996
14660,86,2,285.73999999999995
13704,5,9,2308.0600000000004
14320,206,2,477.78999999999996
15886,60,1,181.09000000000003
13048,14,4,1819.4099999999999
13325,81,1,675.3
15199,59,4,1268.6999999999998
17348,14,5,1156.6
15701,2,4,1529
16454,44,2,6.9
15154,75,1,254.27999999999997
12877,3,12,1535.7700000000002
16804,23,3,536.99
15942,133,1,337.43999999999994
16112,143,4,195.74
14232,42,5,2048.07
13243,203,1,585.12
12971,3,86,11189.91
16414,21,2,126.25
15133,127,3,982.4199999999998
13755,3,9,2108.06
16734,52,3,646.76
17671,15,4,1572.7100000000003
15539,7,1,538.46
14504,47,4,673.26
13659,205,2,1563
15823,372,1,15
17866,142,1,329.65
17046,157,1,642.0199999999999
13329,31,2,789
15604,52,1,216.39
16318,35,1,328.15
15554,277,1,217.2
14148,233,1,157.2
15732,212,2,294.11999999999995
16671,28,3,1692.27
15063,213,1,370.79999999999995
18192,71,1,957.9699999999999
14844,63,4,3189.8100000000004
14081,302,2,921.62
17115,8,3,837.4999999999997
17604,217,2,309.35999999999996
17545,43,3,642.3199999999999
16710,19,10,2467.99
14633,266,1,344.9000000000001
18149,50,3,612.0799999999999
13016,73,3,789.8899999999999
15674,73,5,2446.6000000000004
16739,176,1,323.00000000000006
15488,92,1,91.32000000000001
13068,10,2,344
15673,88,4,2726.2300000000005
13090,8,14,8910.819999999998
12915,148,2,363.65
15010,35,1,308.94
13706,302,1,330.79
15134,14,8,1387.99
14723,10,6,1122.3600000000001
14055,106,1,725.6400000000001
13369,365,1,308.28
16764,3,13,2790.9500000000003
15230,239,2,429.6
16327,14,6,3820.27
16106,65,1,108.38
12890,24,1,376.71999999999997
16498,161,2,100.97000000000001
13593,108,5,2011.8800000000006
13611,89,3,1154.4
12950,2,3,1843
17252,116,2,348.90999999999997
13332,14,1,350.9
14647,201,1,236.04
14711,10,11,2839.62
13391,203,1,59.8
15535,173,4,502.90000000000003
14871,3,4,501.28
15533,19,3,807.57
16700,8,13,5076.550000000001
15148,10,1,301.29
14408,10,7,2599.03
12957,9,8,4017.54
15994,54,1,414.27000000000004
13240,96,4,663.6500000000001
13877,86,1,117.24000000000001
17946,233,2,149.58
15733,282,1,162.3
13223,200,2,163.20000000000002
14127,122,3,709.7099999999999
14338,161,2,588.2199999999999
13045,99,1,305.28
18034,21,2,418.6799999999999
16715,78,1,301.71999999999997
13534,2,25,5870.08
15615,10,23,10399.74
14608,4,4,1785.1499999999999
13845,64,1,312.98
13736,5,2,729.8
17860,368,1,226.45
15422,323,2,97.7
15783,10,1,246.3
13827,57,3,409.8
14140,3,2,935.05
15573,31,2,591.1899999999999
14467,17,4,596.2600000000001
13892,26,4,632.97
17111,47,1,231.60999999999999
17854,185,2,311.26
12844,29,2,325.96
13841,252,1,85
14985,198,2,292.01
16217,235,2,304.25000000000006
12897,204,2,216.5
14962,270,1,126.70000000000002
13373,60,3,3312.2500000000005
17345,15,4,519.69
15130,169,1,330.11000000000007
17367,238,1,167.54999999999998
16190,40,1,215.08
14792,63,1,6.2
15297,10,3,641.94
13121,269,1,283.72999999999996
16201,3,4,1863.4700000000003
18043,24,3,529.29
13014,10,10,3466.2799999999997
14775,58,3,1011.8999999999999
15004,147,1,1220.77
17972,241,1,135.19
15806,46,3,784.5799999999999
18242,72,4,2232.4900000000002
17511,2,31,91062.38
17364,0,11,4462.68
15016,172,1,170.04
17625,18,4,2020.4
13603,26,1,164.34
12881,275,1,298
15675,81,3,323.69
15255,66,1,890.85
17679,52,2,1992.1100000000001
15963,19,2,470.76000000000005
16295,9,4,1328.5500000000004
15464,338,1,1044.65
13849,51,2,1537.95
17616,173,3,571.2
16141,88,1,620.4
14761,58,2,255.89999999999998
14053,124,2,260.25
17232,2,2,417.77
17957,66,1,111.67999999999999
18212,326,1,216.07
15679,24,4,781.2800000000001
16869,22,4,817.1200000000001
13686,182,1,72
16527,81,1,228.06000000000003
14259,141,1,120
13494,311,1,316.26000000000005
16549,10,10,4034.9
18167,23,3,1384.86
17562,14,7,1122.3799999999999
14450,180,3,483.24999999999994
13136,56,5,2607.6099999999997
16353,3,23,6675.710000000001
13955,154,2,322.96
17433,88,1,303.15999999999997
14776,51,11,2538.2999999999997
16572,127,3,1009.6
16042,22,5,1177.47
13508,243,1,110.97000000000003
15695,266,2,409.98
13064,12,4,1105.5900000000001
16470,51,4,752.77
18170,33,3,980.3100000000001
17496,358,1,271.05
13946,79,3,561.57
13832,19,1,52.199999999999996
15327,52,1,208.75
17405,1,3,1031.41
15303,290,1,574.02
13697,38,1,151.3
17050,96,6,3185.64
15329,39,3,1049.7
15380,8,5,1690.26
15910,0,8,1228.88
16823,227,1,358.37999999999994
16119,8,2,423.36
13476,178,2,1238.47
16358,1,4,2027.5
13207,15,2,250.26000000000002
18276,43,1,335.8599999999999
16644,177,2,833.78
17063,21,7,1461.14
15719,32,13,5030.07
16684,4,28,66653.56
15385,40,1,316.88
17964,31,2,463.21
13862,18,8,2209.36
15412,171,1,190.53
17153,24,1,213.77999999999997
12985,0,2,1239.3799999999999
13939,23,3,568.55
17516,15,5,764.8799999999999
13135,196,1,3096
14321,10,5,1530.7500000000002
16720,26,1,152.95
13311,4,2,598.57
13499,17,5,1159.11
15644,166,4,803.54
15918,190,2,334.23
17165,284,1,158.68
18246,23,2,596.0999999999999
15985,123,2,1142.4199999999998
13173,4,2,353.65000000000003
17867,30,6,1157.8700000000001
14440,8,5,2357.6800000000003
15668,217,1,76.32000000000001
13299,268,1,142.5
13727,28,2,333.48
15113,9,3,3509.4299999999994
15042,199,1,135.93
16404,70,1,443.05000000000007
16948,138,3,435.02000000000004
15880,369,1,329.03
15392,4,4,1535.53
15939,89,15,6115.009999999999
17349,179,1,98.25
14179,40,2,701.5699999999999
13846,24,3,865.0600000000002
13260,61,1,557.62
13023,64,2,689.9000000000001
16584,80,2,936.0799999999998
15625,103,4,1534.26
14766,8,6,2473.37
15992,3,1,41.989999999999995
15186,14,2,411.41
18181,24,1,366.84999999999997
14400,149,1,574.6999999999999
13740,240,1,350.75
17325,280,1,96.8
17095,22,3,1324.1599999999999
17670,227,1,205.7
15364,95,2,913.1900000000002
12854,78,3,1316.2500000000002
13747,373,1,79.6
12989,3,15,6924.110000000001
16175,94,4,1037.5900000000001
16773,57,1,171.59
13479,200,2,300.95
16849,186,1,124.57
14006,115,3,962.1899999999999
16861,59,2,173.76
15975,84,1,371.01
16142,249,1,535.3399999999999
12878,236,2,854.99
14905,157,2,616.15
14014,77,1,505.18
15762,65,2,583.75
17245,204,1,171.45
15545,54,2,288.97
16338,157,1,214.8
17603,78,1,394.71999999999997
17409,184,2,771.8499999999999
18259,24,3,2338.6000000000004
13682,187,1,59.5
13266,11,12,3834.26
16791,29,7,1705.7799999999997
13226,273,1,108.21
14720,5,3,663.8100000000002
14645,156,2,597.0899999999999
14624,57,2,225.84999999999997
17552,60,4,930.41
16497,49,6,2965.69
15906,19,7,1567.6899999999998
17377,23,20,4058.32
14821,366,1,48.800000000000004
16523,1,21,9418.470000000001
13263,1,35,7436.93
16191,2,13,5180.52
17659,17,12,2999.46
14978,72,5,1921.3700000000003
13557,28,2,584.06
14719,1,5,1581.8400000000001
15945,365,1,181
18056,288,1,363.65
16156,8,9,3092.04
17027,78,6,877.56
15105,18,7,2298.9300000000003
15314,199,1,327.96999999999997
17862,323,1,330.9
14443,53,4,1420.2
